"contrast","estimate","SE","df","z.ratio","p.value"
"direct - dual_pivot",-3.31769088281408,0.23287086388501,Inf,-14.2469127629996,1.40562321978741e-45
"direct - single_pivot",-2.58519156682795,0.243336768298233,Inf,-10.6239249617203,6.9196298270779e-26
"dual_pivot - single_pivot",0.732499315986129,0.0997877277936327,Inf,7.34057516071499,6.38033693388762e-13
