"context_config","mean","sd","median","n"
"es",34.5196164858419,29.6584033263871,26.2690989442416,3896
"fr",32.4089811297748,28.5015084200372,24.261125036533,3896
"ru",31.3604882653522,28.6662889550734,22.0895911341579,3896
"de",30.0519729936772,28.290178698867,20.556680845026,3634
"zh_cn",29.9270496825949,28.1685615221889,20.6372376798121,3896
"id",29.1738809552834,27.4268118202453,20.2298673151241,3896
"vi",27.9146205731696,26.9052607795905,19.0708280818284,3896
