"treatment_type","mean","sd","median","min","max","n"
"direct",28.1628035738422,27.2741413248419,18.9958921412898,0,100,3896
"dual_context",31.4712011959005,28.6335851833394,22.3161806892666,0,100,81816
"single_context",30.7460278241539,28.2839103651388,21.4440971240177,0,100,27272
