"treatment_type","mean","sd","median","min","max","n"
"direct",28.1628035738422,27.2741413248419,18.9958921412898,0,100,3896
"dual_context",31.493384815721,28.6289679159906,22.3552998906744,0,100,81202
"single_context",30.7721486845435,28.3132612788,21.4440971240177,0,100,27010
