"treatment_type","emmean","SE","df","lower.CL","upper.CL"
"direct",27.7963665824489,1.6303109150407,Inf,24.6010159053666,30.9917172595312
"dual_context",31.114057465263,1.61512868864146,Inf,27.9484634051283,34.2796515253976
"single_context",30.3815581492768,1.61667702164146,Inf,27.2129294122261,33.5501868863276
