"context_config","emmean","SE","df","lower.CL","upper.CL",".group"
"es",34.3547623211731,1.67513782177765,Inf,29.8607001360024,38.8488245063438,"e"
"fr",32.244126965106,1.67513782177765,Inf,27.7500647799353,36.7381891502767,"d"
"ru",31.1956341006833,1.67513782177764,Inf,26.7015719155126,35.689696285854,"c"
"de",29.8058733397095,1.6766073125054,Inf,25.3078688026767,34.3038778767424,"b"
"zh_cn",29.762195517926,1.67513782177764,Inf,25.2681333327553,34.2562577030966,"b"
"id",29.0090267906147,1.67513782177765,Inf,24.514964605444,33.5030889757854,"b"
"vi",27.7497664085006,1.67513782177764,Inf,23.25570422333,32.2438285936713,"a"
