"context_config","emmean","SE","df","lower.CL","upper.CL",".group"
"es",34.3546810157022,1.67585311384166,Inf,29.8586998439416,38.8506621874628,"e"
"fr",32.2440456596351,1.67585311384166,Inf,27.7480644878745,36.7400268313957,"d"
"ru",31.1955527952128,1.67585311384168,Inf,26.6995716234521,35.6915339669734,"c"
"zh_cn",29.7621142124554,1.67585311384168,Inf,25.2661330406948,34.2580953842161,"b"
"de",29.7526222069167,1.67585311384146,Inf,25.2566410351567,34.2486033786768,"b"
"id",29.0089454851438,1.67585311384166,Inf,24.5129643133832,33.5049266569044,"b"
"vi",27.7496851030301,1.67585311384168,Inf,23.2537039312695,32.2456662747908,"a"
