"treatment_type","emmean","SE","df","lower.CL","upper.CL"
"direct",27.7998523042106,1.63122231464257,Inf,24.6027153167331,30.9969892916881
"dual_context",31.1082499261898,1.61604034729142,Inf,27.940869047935,34.2756308044446
"single_context",30.3830765544429,1.61756495623576,Inf,27.2127074975667,33.5534456113191
