"contrast","estimate","SE","df","z.ratio","p.value"
"direct - dual_context",-3.30839762197923,0.232872968079447,Inf,-14.2068770337076,2.49141752541087e-45
"direct - single_context",-2.58322425023232,0.24322788251229,Inf,-10.620592604558,7.17116282349105e-26
"dual_context - single_context",0.725173371746909,0.0992973672287567,Inf,7.30304732124759,8.43966550767088e-13
