original,translated,reference,context_languages,strategy,comet,chrf,bleu,ter,bertscore
<i>(no suggestions)</i>,<i>(não há sugestões)</i>,<i>(sem sugestões)</i>,"FR,RU",LLAMA,98.22033047676086,64.40703038799023,63.40466277046863,100.0,96.94193601608276
More...,Mais uma vez...,Mais...,"FR,RU",LLAMA,83.48995447158813,33.06325313529327,32.46679154750991,100.0,85.97946763038635
"Add ""%s"" to Dictionary","Adicionar ""%s"" ao dicionário","Adicionar ""%s"" ao dicionário","FR,RU",LLAMA,98.29985499382019,100.0,100.00000000000004,0.0,99.99999403953552
Ignore All,Ignorar tudo.,Ignorar tudo,"FR,RU",LLAMA,96.98957800865173,95.63472221633693,55.03212081491043,50.0,92.29968786239624
None,Tenha adição,Nenhum,"FR,RU",LLAMA,49.0962415933609,13.759910571966794,0.0,100.0,69.70682740211487
Languages,Língua,Idiomas,"FR,RU",LLAMA,67.49259233474731,2.1008403361344534,0.0,100.0,80.85930943489075
enchant error for language: %s,galat panggilan untuk bahasa: %s,erro do programa 'enchant' para o idioma: %s,"FR,RU",LLAMA,59.084004163742065,15.794032317417134,15.925177647011354,87.5,77.51199007034302
