original,translated,reference,context_languages,strategy,comet,chrf,bleu,ter,bertscore
<i>(no suggestions)</i>,<i>(falta de recomendações)</i>,<i>(sem sugestões)</i>,"ZH_CN,DE",LLAMA,91.77605509757996,34.10718301761653,53.107253497886994,100.0,92.84524917602539
More...,Outra vez...,Mais...,"ZH_CN,DE",LLAMA,75.38424730300903,17.936238747386835,39.76353643835252,100.0,89.38060998916626
"Add ""%s"" to Dictionary",Adicione {%s} ao Kamus.,"Adicionar ""%s"" ao dicionário","ZH_CN,DE",LLAMA,71.11071944236755,21.470387121473365,12.22307556087252,75.0,81.15292191505432
Ignore All,Ignorar tudo,Ignorar tudo,"ZH_CN,DE",LLAMA,98.99203181266785,100.0,100.00000000000004,0.0,100.00001192092896
None,Tá disponível.,Nenhum,"ZH_CN,DE",LLAMA,75.39485096931458,3.8610038610038604,0.0,100.0,62.14372515678406
Languages,Bahasa,Idiomas,"ZH_CN,DE",LLAMA,62.71023154258728,6.664912742260808,0.0,100.0,80.02422451972961
enchant error for language: %s,falha de galat para linguagem %s,erro do programa 'enchant' para o idioma: %s,"ZH_CN,DE",LLAMA,60.315072536468506,14.816961226558178,9.469167282754096,75.0,75.16731023788452
