original,translated,reference,context_languages,strategy,comet,chrf,bleu,ter,bertscore
<i>(no suggestions)</i>,<i>(tak ada saran)</i>,<i>(sem sugestões)</i>,"ID,ZH_CN",LLAMA,96.15158438682556,23.21169057116742,53.107253497886994,100.0,88.45353722572327
More...,Lainnya...,Mais...,"ID,ZH_CN",LLAMA,93.29367280006409,22.52035955746773,59.460355750136046,100.0,90.9092366695404
"Add ""%s"" to Dictionary","Tambah ""%s"" ke Kamus","Adicionar ""%s"" ao dicionário","ID,ZH_CN",LLAMA,74.31904673576355,14.87085968956279,41.11336169005198,75.0,81.537264585495
Ignore All,Abaixo de tudo,Ignorar tudo,"ID,ZH_CN",LLAMA,56.79662823677063,20.36658695285329,27.516060407455225,100.0,80.67268133163452
None,Tenha disponibilidade de ID.,Nenhum,"ID,ZH_CN",LLAMA,50.798434019088745,9.4859487159616,0.0,100.0,60.29672622680664
Languages,Bahasa,Idiomas,"ID,ZH_CN",LLAMA,62.71023154258728,6.664912742260808,0.0,100.0,80.02419471740723
enchant error for language: %s,galat panggilan untuk bahasa: %s,erro do programa 'enchant' para o idioma: %s,"ID,ZH_CN",LLAMA,59.084004163742065,15.794032317417134,15.925177647011354,87.5,77.5119960308075
