original,translated,reference,context_languages,strategy,comet,chrf,bleu,ter,bertscore
<i>(no suggestions)</i>,<i>(tak ada saran)</i>,<i>(sem sugestões)</i>,"ID,FR",LLAMA,96.15158438682556,23.21169057116742,53.107253497886994,100.0,88.45353722572327
More...,Lainnya...,Mais...,"ID,FR",LLAMA,93.29367280006409,22.52035955746773,59.460355750136046,100.0,90.9092366695404
"Add ""%s"" to Dictionary","Tambah ""%s"" no dicionário","Adicionar ""%s"" ao dicionário","ID,FR",LLAMA,85.62637567520142,46.366314694958376,43.47208719449914,50.0,85.93963384628296
Ignore All,Abaixo de tudo,Ignorar tudo,"ID,FR",LLAMA,56.79662823677063,20.36658695285329,27.516060407455225,100.0,80.67268133163452
None,Tenha disponibilidade do ID.,Nenhum,"ID,FR",LLAMA,51.128703355789185,9.4859487159616,0.0,100.0,58.95644426345825
Languages,Bahasa,Idiomas,"ID,FR",LLAMA,62.71023154258728,6.664912742260808,0.0,100.0,80.02419471740723
enchant error for language: %s,galat panggilan untanto para bahasa: %s,erro do programa 'enchant' para o idioma: %s,"ID,FR",LLAMA,51.63970589637756,20.129306888097855,17.20339087300932,75.0,76.33090019226074
