original,translated,reference,context_languages,strategy,comet,chrf,bleu,ter,bertscore
<i>(no suggestions)</i>,<i>(tak ada saran)</i>,<i>(sem sugestões)</i>,"ID,DE",LLAMA,96.15158438682556,23.21169057116742,53.107253497886994,100.0,88.45353722572327
More...,Lainnya...,Mais...,"ID,DE",LLAMA,93.29367280006409,22.52035955746773,59.460355750136046,100.0,90.9092366695404
"Add ""%s"" to Dictionary","Tambah ""%s"" ao Kamus","Adicionar ""%s"" ao dicionário","ID,DE",LLAMA,75.01099705696106,26.590966638413406,61.47881529512643,50.0,81.03078007698059
Ignore All,Ignorar tudo.,Ignorar tudo,"ID,DE",LLAMA,96.98957800865173,95.63472221633693,55.03212081491043,50.0,92.29966998100281
None,Tenha disponibilidade de ID.,Nenhum,"ID,DE",LLAMA,50.798434019088745,9.4859487159616,0.0,100.0,60.29672622680664
Languages,Bahasa Indonesia,Idiomas,"ID,DE",LLAMA,65.95329642295837,11.849093156084038,0.0,100.0,76.68203115463257
enchant error for language: %s,galat panggilan untanto para bahasa: %s,erro do programa 'enchant' para o idioma: %s,"ID,DE",LLAMA,51.63970589637756,20.129306888097855,17.20339087300932,75.0,76.33090019226074
