original,translated,reference,context_languages,strategy,comet,chrf,bleu,ter,bertscore
<i>(no suggestions)</i>,ID (tak ada saran),<i>(sem sugestões)</i>,"ID,ES",LLAMA,59.0684175491333,2.525252525252525,4.194930905450255,100.0,65.9538209438324
More...,Lainnya...,Mais...,"ID,ES",LLAMA,93.29367876052856,22.52035955746773,59.460355750136046,100.0,90.9092366695404
"Add ""%s"" to Dictionary","Tambah ""%s"" no dicionário","Adicionar ""%s"" ao dicionário","ID,ES",LLAMA,85.6263518333435,46.366314694958376,43.47208719449914,50.0,85.93963384628296
Ignore All,Abaixo de tudo,Ignorar tudo,"ID,ES",LLAMA,56.79662823677063,20.36658695285329,27.516060407455225,100.0,80.67268133163452
None,Tenha disponibilidade de ID.,Nenhum,"ID,ES",LLAMA,50.7984459400177,9.4859487159616,0.0,100.0,60.29672622680664
Languages,Bahasa Indonesia,Idiomas,"ID,ES",LLAMA,65.95327258110046,11.849093156084038,0.0,100.0,76.68203115463257
enchant error for language: %s,galat panggilan untanto para bahasa: %s,erro do programa 'enchant' para o idioma: %s,"ID,ES",LLAMA,51.63969397544861,20.129306888097855,17.20339087300932,75.0,76.33090019226074
