original,translated,reference,context_languages,strategy,comet,chrf,bleu,ter,bertscore
<i>(no suggestions)</i>,<i>(não há sugestões)</i>,<i>(sem sugestões)</i>,"DE,RU",LLAMA,98.22033047676086,64.40703038799023,63.40466277046863,100.0,96.94193601608276
More...,Outra vez...,Mais...,"DE,RU",LLAMA,75.38424730300903,17.936238747386835,39.76353643835252,100.0,89.38060998916626
"Add ""%s"" to Dictionary","Adicione ""%s"" ao Kamus.","Adicionar ""%s"" ao dicionário","DE,RU",LLAMA,78.30964922904968,41.082089782353854,51.697315395717055,50.0,85.00170111656189
Ignore All,Ignorar tudo.,Ignorar tudo,"DE,RU",LLAMA,96.98957800865173,95.63472221633693,55.03212081491043,50.0,92.29968786239624
None,Tá disponível.,Nenhum,"DE,RU",LLAMA,75.39485096931458,3.8610038610038604,0.0,100.0,62.14372515678406
Languages,Língua,Idiomas,"DE,RU",LLAMA,67.49259233474731,2.1008403361344534,0.0,100.0,80.85930943489075
enchant error for language: %s,falha de enchant para idioma: %s,erro do programa 'enchant' para o idioma: %s,"DE,RU",LLAMA,77.6715338230133,40.1479688022373,28.46946938149361,62.5,83.72592329978943
