original,translated,reference,context_languages,strategy,comet,chrf,bleu,ter,bertscore
<i>(no suggestions)</i>,<i>(não há sugestões)</i>,<i>(sem sugestões)</i>,"ES,VI",LLAMA,98.22033047676086,64.40703038799023,63.40466277046863,100.0,96.94193601608276
More...,Mais uma vez...,Mais...,"ES,VI",LLAMA,83.48995447158813,33.06325313529327,32.46679154750991,100.0,85.97946763038635
"Add ""%s"" to Dictionary","Adicione ""%s"" ao Kamus","Adicionar ""%s"" ao dicionário","ES,VI",LLAMA,82.305246591568,41.77302026642102,61.47881529512643,50.0,86.7285966873169
Ignore All,Descartar todas,Ignorar tudo,"ES,VI",LLAMA,58.31187963485718,10.126582943839265,0.0,100.0,84.96646285057068
None,Tá disponível.,Nenhum,"ES,VI",LLAMA,75.39485096931458,3.8610038610038604,0.0,100.0,62.14372515678406
Languages,Idiomas,Idiomas,"ES,VI",LLAMA,99.07065033912659,100.0,100.00000000000004,0.0,100.0
enchant error for language: %s,galat panggilan untuk bahasa: %s,erro do programa 'enchant' para o idioma: %s,"ES,VI",LLAMA,59.084004163742065,15.794032317417134,15.925177647011354,87.5,77.51199007034302
