original,translated,reference,context_languages,strategy,comet,chrf,bleu,ter,bertscore
<i>(no suggestions)</i>,<i>(falta de recomendação)</i>,<i>(sem sugestões)</i>,ZH_CN,LLAMA,89.49009776115417,23.535739738506898,53.107253497886994,100.0,91.86372756958008
More...,Outra vez...,Mais...,ZH_CN,LLAMA,75.38424730300903,17.936238747386835,39.76353643835252,100.0,89.38060998916626
"Add ""%s"" to Dictionary","Adicione ""%s"" ao dicionário","Adicionar ""%s"" ao dicionário",ZH_CN,LLAMA,96.73303961753845,79.38785257167645,80.91067115702207,25.0,96.35443687438965
Ignore All,Abaixo de tudo,Ignorar tudo,ZH_CN,LLAMA,56.796592473983765,20.36658695285329,27.516060407455225,100.0,80.67266345024109
None,Tá disponível,Nenhum,ZH_CN,LLAMA,79.52708601951599,3.968253968253968,0.0,100.0,64.02705311775208
Languages,Bahasa,Idiomas,ZH_CN,LLAMA,62.710219621658325,6.664912742260808,0.0,100.0,80.02422451972961
enchant error for language: %s,falha na chamada de galat para processar a linguagem %s ao realizar verificação ortográfica,erro do programa 'enchant' para o idioma: %s,ZH_CN,LLAMA,58.571821451187134,20.729957566441165,5.816635421147513,100.0,72.87778854370117
