original,translated,reference,context_languages,strategy,comet,chrf,bleu,ter,bertscore
<i>(no suggestions)</i>,<i>(falta de recomendação)</i>,<i>(sem sugestões)</i>,"ZH_CN,FR",LLAMA,89.49008584022522,23.535739738506898,53.107253497886994,100.0,91.86372756958008
More...,Mais uma vez...,Mais...,"ZH_CN,FR",LLAMA,83.48995447158813,33.06325313529327,32.46679154750991,100.0,85.97946763038635
"Add ""%s"" to Dictionary",Adicione {%s} ao Kamus.,"Adicionar ""%s"" ao dicionário","ZH_CN,FR",LLAMA,71.11071944236755,21.470387121473365,12.22307556087252,75.0,81.15292191505432
Ignore All,Desconsidere tudo,Ignorar tudo,"ZH_CN,FR",LLAMA,85.02033352851868,20.97709201077959,49.99999999999999,50.0,84.50109958648682
None,Tá disponível,Nenhum,"ZH_CN,FR",LLAMA,79.52706813812256,3.968253968253968,0.0,100.0,64.02705311775208
Languages,Bahasa,Idiomas,"ZH_CN,FR",LLAMA,62.71023154258728,6.664912742260808,0.0,100.0,80.02422451972961
enchant error for language: %s,falha na verificação do galat para o idioma %s,erro do programa 'enchant' para o idioma: %s,"ZH_CN,FR",LLAMA,71.65061235427856,37.192310514013045,20.556680845025987,75.0,77.75108814239502
