original,translated,reference,context_languages,strategy,comet,chrf,bleu,ter,bertscore
<i>(no suggestions)</i>,<i>(não há sugestões)</i>,<i>(sem sugestões)</i>,"DE,VI",LLAMA,98.22033047676086,64.40703038799023,63.40466277046863,100.0,96.94193601608276
More...,Outra vez…,Mais...,"DE,VI",LLAMA,75.38424730300903,1.6891891891891893,0.0,100.0,70.3025758266449
"Add ""%s"" to Dictionary","Adicione ""%s"" ao Kamus.","Adicionar ""%s"" ao dicionário","DE,VI",LLAMA,78.30964922904968,41.082089782353854,51.697315395717055,50.0,85.00170111656189
Ignore All,Ignorar todos,Ignorar tudo,"DE,VI",LLAMA,93.22782158851624,55.997308034512386,49.99999999999999,50.0,96.26796841621399
None,Tá disponível.,Nenhum,"DE,VI",LLAMA,75.39485096931458,3.8610038610038604,0.0,100.0,62.14372515678406
Languages,Língua,Idiomas,"DE,VI",LLAMA,67.49259233474731,2.1008403361344534,0.0,100.0,80.85930943489075
enchant error for language: %s,galat panggilan untuk bahasa: %s,erro do programa 'enchant' para o idioma: %s,"DE,VI",LLAMA,59.084004163742065,15.794032317417134,15.925177647011354,87.5,77.51199007034302
