original,translated,reference,context_languages,strategy,comet,chrf,bleu,ter,bertscore
<i>(no suggestions)</i>,<i>(não há sugestões)</i>,<i>(sem sugestões)</i>,ES,LLAMA,98.22033047676086,64.40703038799023,63.40466277046863,100.0,96.94193601608276
More...,Outra vez...,Mais...,ES,LLAMA,75.38424730300903,17.936238747386835,39.76353643835252,100.0,89.38060998916626
"Add ""%s"" to Dictionary","Anexar ""%s"" ao dicionário","Adicionar ""%s"" ao dicionário",ES,LLAMA,93.24608445167542,73.39217133018346,80.91067115702207,25.0,95.09861469268799
Ignore All,Descartar todas,Ignorar tudo,ES,LLAMA,58.31187963485718,10.126582943839265,0.0,100.0,84.96646285057068
None,Tenha acesso ao local desejado.,Nenhum,ES,LLAMA,53.104692697525024,9.083480866131008,0.0,100.0,64.1084611415863
Languages,Idiomas,Idiomas,ES,LLAMA,99.07065033912659,100.0,100.00000000000004,0.0,100.0
enchant error for language: %s,galat panggilan untuk bahasa: %s,erro do programa 'enchant' para o idioma: %s,ES,LLAMA,59.084004163742065,15.794032317417134,15.925177647011354,87.5,77.51199007034302
