original,translated,reference,context_languages,strategy,comet,chrf,bleu,ter,bertscore
<i>(no suggestions)</i>,própria solução para o problema proposto.,<i>(sem sugestões)</i>,,LLAMA,46.20729386806488,4.732864755604557,0.0,100.0,63.73324990272522
More...,Outra vez...,Mais...,,LLAMA,75.38424730300903,17.936238747386835,39.76353643835252,100.0,89.38060998916626
"Add ""%s"" to Dictionary",Adicione '%s' ao dicionário/Kamus.,"Adicionar ""%s"" ao dicionário",,LLAMA,78.90353202819824,48.084312032962515,10.552670315936318,75.0,83.7550938129425
Ignore All,Ignorar tudo.,Ignorar tudo,,LLAMA,96.98958992958069,95.63472221633693,55.03212081491043,50.0,92.29968786239624
None,Tenha acesso ao arquivo especificado.,Nenhum,,LLAMA,50.04092454910278,9.31485445525321,0.0,100.0,59.884071350097656
Languages,Bahasa,Idiomas,,LLAMA,62.710219621658325,6.664912742260808,0.0,100.0,80.02422451972961
enchant error for language: %s,gálat de chamada para o idioma: %s,erro do programa 'enchant' para o idioma: %s,,LLAMA,64.2081081867218,45.60612698334193,52.562405949030286,50.0,81.89272880554199
