original,translated,reference,context_languages,strategy,comet,chrf,bleu,ter,bertscore
<i>(no suggestions)</i>,<i>(não há sugestões)</i>,<i>(sem sugestões)</i>,"ES,FR",LLAMA,98.22033047676086,64.40703038799023,63.40466277046863,100.0,96.94193601608276
More...,Mais uma vez...,Mais...,"ES,FR",LLAMA,83.48995447158813,33.06325313529327,32.46679154750991,100.0,85.97946763038635
"Add ""%s"" to Dictionary","Adicionar ""%s"" ao dicionário","Adicionar ""%s"" ao dicionário","ES,FR",LLAMA,98.29985499382019,100.0,100.00000000000004,0.0,99.99999403953552
Ignore All,Descartar todas,Ignorar tudo,"ES,FR",LLAMA,58.31187963485718,10.126582943839265,0.0,100.0,84.96646285057068
None,Tome adiamento,Nenhum,"ES,FR",LLAMA,49.13171827793121,8.027522935779817,0.0,100.0,68.9526915550232
Languages,Idiomas,Idiomas,"ES,FR",LLAMA,99.07065033912659,100.0,100.00000000000004,0.0,100.0
enchant error for language: %s,galat panggilan untuk bahasa: %s,erro do programa 'enchant' para o idioma: %s,"ES,FR",LLAMA,59.084004163742065,15.794032317417134,15.925177647011354,87.5,77.51199007034302
