original,translated,reference,context_languages,strategy,comet,chrf,bleu,ter,bertscore
<i>(no suggestions)</i>,<i>(não há sugestões)</i>,<i>(sem sugestões)</i>,"ES,RU",LLAMA,98.22033047676086,64.40703038799023,63.40466277046863,100.0,96.94193601608276
More...,Mais uma vez...,Mais...,"ES,RU",LLAMA,83.48995447158813,33.06325313529327,32.46679154750991,100.0,85.97946763038635
"Add ""%s"" to Dictionary",Anexar «%s» ao dicionário,"Adicionar ""%s"" ao dicionário","ES,RU",LLAMA,92.65567660331726,44.926531966891005,15.207218222740094,50.0,93.19713115692139
Ignore All,Descartar todas,Ignorar tudo,"ES,RU",LLAMA,58.31187963485718,10.126582943839265,0.0,100.0,84.96646285057068
None,Tá disponível,Nenhum,"ES,RU",LLAMA,79.52706813812256,3.968253968253968,0.0,100.0,64.02705311775208
Languages,Idiomas,Idiomas,"ES,RU",LLAMA,99.07065033912659,100.0,100.00000000000004,0.0,100.0
enchant error for language: %s,falha na chamada do comando para idioma: %s,erro do programa 'enchant' para o idioma: %s,"ES,RU",LLAMA,70.5298125743866,36.28969715672698,29.071536848410968,75.0,79.99332547187805
