original,translated,reference,context_languages,strategy,comet,chrf,bleu,ter,bertscore
<i>(no suggestions)</i>,<i>(não há sugestões)</i>,<i>(sem sugestões)</i>,"FR,DE",LLAMA,98.22033047676086,64.40703038799023,63.40466277046863,100.0,96.94193601608276
More...,Mais uma vez...,Mais...,"FR,DE",LLAMA,83.48995447158813,33.06325313529327,32.46679154750991,100.0,85.97946763038635
"Add ""%s"" to Dictionary","Adicionar ""%s"" ao Kamus","Adicionar ""%s"" ao dicionário","FR,DE",LLAMA,86.46300435066223,62.904384862038185,80.91067115702207,25.0,91.41692519187927
Ignore All,Ignorar tudo,Ignorar tudo,"FR,DE",LLAMA,98.99203181266785,100.0,100.00000000000004,0.0,100.00001192092896
None,Tá à disposição,Nenhum,"FR,DE",LLAMA,68.2259202003479,0.0,0.0,100.0,64.24721479415894
Languages,Bahasa,Idiomas,"FR,DE",LLAMA,62.71023154258728,6.664912742260808,0.0,100.0,80.02422451972961
enchant error for language: %s,galat panggilan untuk bahasa: %s,erro do programa 'enchant' para o idioma: %s,"FR,DE",LLAMA,59.084004163742065,15.794032317417134,15.925177647011354,87.5,77.51199007034302
