original,translated,reference,context_languages,strategy,comet,chrf,bleu,ter,bertscore
<i>(no suggestions)</i>,<i>(falta de recomendação)</i>,<i>(sem sugestões)</i>,"ZH_CN,VI",LLAMA,89.49008584022522,23.535739738506898,53.107253497886994,100.0,91.86372756958008
More...,Outra coisa...,Mais...,"ZH_CN,VI",LLAMA,81.34803175926208,22.124708636469126,39.76353643835252,100.0,84.07809734344482
"Add ""%s"" to Dictionary",Adicione '%s' ao Kamus.,"Adicionar ""%s"" ao dicionário","ZH_CN,VI",LLAMA,77.19954252243042,21.470387121473365,7.809849842300637,75.0,78.58726382255554
Ignore All,Desconsidere tudo,Ignorar tudo,"ZH_CN,VI",LLAMA,85.02033352851868,20.97709201077959,49.99999999999999,50.0,84.50109958648682
None,Tá disponível.,Nenhum,"ZH_CN,VI",LLAMA,75.39485096931458,3.8610038610038604,0.0,100.0,62.14372515678406
Languages,Bahasa,Idiomas,"ZH_CN,VI",LLAMA,62.71023154258728,6.664912742260808,0.0,100.0,80.02422451972961
enchant error for language: %s,falha na verificação do enchantamento com idioma %s,erro do programa 'enchant' para o idioma: %s,"ZH_CN,VI",LLAMA,66.176438331604,29.12205613033814,10.147104008451905,87.5,76.97851061820984
