original,translated,reference,context_languages,strategy,comet,chrf,bleu,ter,bertscore
<i>(no suggestions)</i>,<i>(falta de opções)</i>,<i>(sem sugestões)</i>,"ZH_CN,RU",LLAMA,88.96185755729675,34.970852705130625,53.107253497886994,100.0,93.58823895454407
More...,Mais uma vez...,Mais...,"ZH_CN,RU",LLAMA,83.48995447158813,33.06325313529327,32.46679154750991,100.0,85.97944974899292
"Add ""%s"" to Dictionary","Adicione ""%s"" ao Kamus","Adicionar ""%s"" ao dicionário","ZH_CN,RU",LLAMA,82.305246591568,41.77302026642102,61.47881529512643,50.0,86.72857880592346
Ignore All,Desconsidere tudo,Ignorar tudo,"ZH_CN,RU",LLAMA,85.02033352851868,20.97709201077959,49.99999999999999,50.0,84.50111150741577
None,Tá disponível.,Nenhum,"ZH_CN,RU",LLAMA,75.39485096931458,3.8610038610038604,0.0,100.0,62.14371919631958
Languages,Bahasa,Idiomas,"ZH_CN,RU",LLAMA,62.71023154258728,6.664912742260808,0.0,100.0,80.02419471740723
enchant error for language: %s,falha na verificação do galat para linguagem %s,erro do programa 'enchant' para o idioma: %s,"ZH_CN,RU",LLAMA,65.2752697467804,19.56510190706042,10.147104008451905,87.5,74.79848265647888
