original,translated,reference,context_languages,strategy,comet,chrf,bleu,ter,bertscore
<i>(no suggestions)</i>,<i>(não há opções)</i>,<i>(sem sugestões)</i>,RU,LLAMA,93.24005842208862,34.419885231219546,53.107253497886994,100.0,93.62118244171143
More...,Lainnya...,Mais...,RU,LLAMA,93.29367280006409,22.52035955746773,59.460355750136046,100.0,90.9092366695404
"Add ""%s"" to Dictionary","Adicione ""%s"" ao dicionário","Adicionar ""%s"" ao dicionário",RU,LLAMA,96.73303961753845,79.38785257167645,80.91067115702207,25.0,96.35443687438965
Ignore All,Ignorar tudo,Ignorar tudo,RU,LLAMA,98.99203181266785,100.0,100.00000000000004,0.0,100.00001192092896
None,falta de acesso ao serviço em questão.,Nenhum,RU,LLAMA,50.12526512145996,3.8265306122448974,0.0,100.0,62.787431478500366
Languages,Bahasa,Idiomas,RU,LLAMA,62.710219621658325,6.664912742260808,0.0,100.0,80.02422451972961
enchant error for language: %s,falha na invocação do comando 'galat' para o idioma: %s,erro do programa 'enchant' para o idioma: %s,RU,LLAMA,70.96889615058899,50.621308117933836,43.36189090348677,62.5,83.98219347000122
