original,translated,reference,context_languages,strategy,comet,chrf,bleu,ter,bertscore
<i>(no suggestions)</i>,<i>(não há nenhuma dica de idade)</i>,<i>(sem sugestões)</i>,VI,LLAMA,83.28716158866882,22.202860731932088,41.211837513230265,100.0,87.96117305755615
More...,Outra coisa...,Mais...,VI,LLAMA,81.34801983833313,22.124708636469126,39.76353643835252,100.0,84.07809734344482
"Add ""%s"" to Dictionary","Adicione ""%s"" ao dicionário","Adicionar ""%s"" ao dicionário",VI,LLAMA,96.73303961753845,79.38785257167645,80.91067115702207,25.0,96.35443687438965
Ignore All,Borra tudo o que tem em mãos.,Ignorar tudo,VI,LLAMA,58.237457275390625,20.08909624442225,5.522397783539471,100.0,74.7456431388855
None,Tá disponível.,Nenhum,VI,LLAMA,75.39486885070801,3.8610038610038604,0.0,100.0,62.14372515678406
Languages,Bahasa,Idiomas,VI,LLAMA,62.710219621658325,6.664912742260808,0.0,100.0,80.02422451972961
enchant error for language: %s,falha ao chamar o comando '%s' em português.,erro do programa 'enchant' para o idioma: %s,VI,LLAMA,63.38939070701599,17.02463932973039,4.456882760699063,100.0,76.44724249839783
