original,translated,reference,context_languages,strategy,comet,chrf,bleu,ter,bertscore
<i>(no suggestions)</i>,<i>(tak ada saran)</i> (sem sugestões),<i>(sem sugestões)</i>,DE,LLAMA,91.56076908111572,63.08786070620928,58.964120249738095,100.0,89.57775235176086
More...,Outra vez...,Mais...,DE,LLAMA,75.38424730300903,17.936238747386835,39.76353643835252,100.0,89.38060998916626
"Add ""%s"" to Dictionary","Adicione ""%s"" ao dicionário.","Adicionar ""%s"" ao dicionário",DE,LLAMA,94.08420920372009,78.1165150207687,68.037493331712,50.0,92.56604313850403
Ignore All,Ignorar todos,Ignorar tudo,DE,LLAMA,93.22783350944519,55.997308034512386,49.99999999999999,50.0,96.26796841621399
None,Tá à disposição.,Nenhum,DE,LLAMA,65.17106890678406,0.0,0.0,100.0,62.94442415237427
Languages,Língua,Idiomas,DE,LLAMA,67.49259829521179,2.1008403361344534,0.0,100.0,80.85930943489075
enchant error for language: %s,galat panggilan untuk bahasa: %s,erro do programa 'enchant' para o idioma: %s,DE,LLAMA,59.0839684009552,15.794032317417134,15.925177647011354,87.5,77.51199007034302
