original,translated,reference,context_languages,strategy,comet,chrf,bleu,ter,bertscore
<i>(no suggestions)</i>,<i>(não há opções)</i>,<i>(sem sugestões)</i>,"RU,VI",LLAMA,93.24005842208862,34.419885231219546,53.107253497886994,100.0,93.62118244171143
More...,Lainnya...,Mais...,"RU,VI",LLAMA,93.29367280006409,22.52035955746773,59.460355750136046,100.0,90.9092366695404
"Add ""%s"" to Dictionary","Adicione ""%s"" ao dicionário","Adicionar ""%s"" ao dicionário","RU,VI",LLAMA,96.73303961753845,79.38785257167645,80.91067115702207,25.0,96.35443687438965
Ignore All,Ignorar tudo,Ignorar tudo,"RU,VI",LLAMA,98.99203181266785,100.0,100.00000000000004,0.0,100.00001192092896
None,falta de opção para adicionar um novo item.,Nenhum,"RU,VI",LLAMA,49.607303738594055,6.066390921624774,0.0,100.0,62.356358766555786
Languages,Bahasa,Idiomas,"RU,VI",LLAMA,62.710219621658325,6.664912742260808,0.0,100.0,80.02422451972961
enchant error for language: %s,falha ao chamar o comando 'galat' para a língua: %s,erro do programa 'enchant' para o idioma: %s,"RU,VI",LLAMA,65.39708971977234,30.817295710773458,14.323145079400492,100.0,82.6562762260437
