original,translated,reference,context_languages,strategy,comet,chrf,bleu,ter,bertscore
<i>(no suggestions)</i>,<i>(não há sugestões)</i>,<i>(sem sugestões)</i>,FR,LLAMA,98.22033047676086,64.40703038799023,63.40466277046863,100.0,96.94193601608276
More...,Mais uma vez...,Mais...,FR,LLAMA,83.48995447158813,33.06325313529327,32.46679154750991,100.0,85.97946763038635
"Add ""%s"" to Dictionary","Adicionar ""%s"" ao dicionário.","Adicionar ""%s"" ao dicionário",FR,LLAMA,95.69374918937683,98.3380351509609,84.08964152537145,25.0,96.42305970191956
Ignore All,Ignorar tudo,Ignorar tudo,FR,LLAMA,98.99203181266785,100.0,100.00000000000004,0.0,100.00001192092896
None,Traga adiante,Nenhum,FR,LLAMA,65.89193940162659,3.968253968253968,0.0,100.0,69.2177414894104
Languages,Bahasa,Idiomas,FR,LLAMA,62.71023154258728,6.664912742260808,0.0,100.0,80.02422451972961
enchant error for language: %s,galat panggilan untuk bahasa : %s,erro do programa 'enchant' para o idioma: %s,FR,LLAMA,58.61862897872925,15.794032317417134,15.925177647011354,87.5,77.51199007034302
