original,translated,reference,context_languages,strategy,comet,chrf,bleu,ter,bertscore
<i>(no suggestions)</i>,<i>(tak ada saran)</i>,<i>(sem sugestões)</i>,"ID,RU",LLAMA,96.15158438682556,23.21169057116742,53.107253497886994,100.0,88.45353722572327
More...,Lainnya...,Mais...,"ID,RU",LLAMA,93.29367280006409,22.52035955746773,59.460355750136046,100.0,90.9092366695404
"Add ""%s"" to Dictionary","Tambah ""%s"" no dicionário","Adicionar ""%s"" ao dicionário","ID,RU",LLAMA,85.62637567520142,46.366314694958376,43.47208719449914,50.0,85.93963384628296
Ignore All,Abaixo de tudo,Ignorar tudo,"ID,RU",LLAMA,56.79662823677063,20.36658695285329,27.516060407455225,100.0,80.67268133163452
None,Tenha disponibilidade de ID.,Nenhum,"ID,RU",LLAMA,50.798434019088745,9.4859487159616,0.0,100.0,60.29672622680664
Languages,Bahasa Indonesia,Idiomas,"ID,RU",LLAMA,65.95329642295837,11.849093156084038,0.0,100.0,76.68203115463257
enchant error for language: %s,falha na chamada do galat para bahasa: %s,erro do programa 'enchant' para o idioma: %s,"ID,RU",LLAMA,63.340169191360474,23.088843374589292,17.747405280050266,87.5,78.57904434204102
